recipe_name,recipe_link,main_ingredient,meal_role,calories_kcal,carbohydrates_g,protein_g,fat_g,fiber_g,cholesterol_mg,sodium_mg,potassium_mg,calcium_mg,vitamin_a_iu,vitamin_c_mg,iron_mg,price_try,is_vegetarian,is_diabetic_friendly,protein_calorie_ratio,carb_fiber_ratio,protein_price_ratio,cluster_id
Brokoli Çorbası,https://www.nefisyemektarifleri.com/video/brokoli-corbasi-nasil-yapilir/,Sebze,Çorba,180,14.6,7.8,10.4,5.05,7.62,132.98,828.12,245.41,302.32,166.25,1.9,39.81,0,1,0.1733,2.835,0.1959,7
Şehriyeli Tavuk Suyu Çorbası,https://www.nefisyemektarifleri.com/video/tavuk-suyu-corba-tarifi/,Tavuk,Çorba,260,24.4,11.6,12.6,0.4,12.54,525.11,411.13,16.4,1367.6,4.91,0.72,36.27,0,0,0.1785,48.8,0.3198,7
Paça Tadında Tavuk Çorbası,https://www.nefisyemektarifleri.com/paca-tadinda-tavuk-corbasi-adana-usulu/,Tavuk,Çorba,315,13.3,27.1,16.6,0.08,9.0,626.01,455.5,22.3,63.0,1.3,1.5,36.85,0,0,0.3441,73.8889,0.7354,7
Erişteli Köfteli Çorba,https://www.nefisyemektarifleri.com/video/eristeli-kofteli-corba/,Kırmızı Et,Çorba,310,19.6,12.7,20.01,1.7,75.9,354.9,530.02,110.9,511.6,4.2,1.8,44.23,0,1,0.1639,10.8889,0.2871,7
Anadolu Çorbası,https://www.nefisyemektarifleri.com/anadolu-corbasi-10299471/,Bakliyat,Çorba,114,9.8,3.05,6.7,1.8,29.7,18.56,107.6,52.01,157.6,1.18,0.8,43.31,0,1,0.107,5.1579,0.0704,7
Kremalı Mantar Çorbası,https://www.nefisyemektarifleri.com/harika-kremali-mantar-corbasi/,Sebze,Çorba,245,9.0,4.0,22.0,1.28,5.34,108.0,119.5,264.56,26.9,6.92,0.58,42.49,0,1,0.0653,6.5217,0.0941,7
Mantar Çorbası,https://www.nefisyemektarifleri.com/mantar-corbasi-nasil-hazirlanir/,Sebze,Çorba,327,24.0,11.0,21.6,2.29,35.34,262.0,418.0,741.67,323.34,8.4,1.08,65.54,0,1,0.1346,10.0418,0.1678,7
Brokoli Çorbası,https://www.nefisyemektarifleri.com/brokoli-corbasi-tarifi/,Sebze,Çorba,161,12.0,5.0,10.0,2.91,7.6,120.1,322.5,344.69,1125.75,84.1,0.9,39.81,0,1,0.1242,3.9867,0.1256,7
Tavuklu Şifa Çorbası,https://www.nefisyemektarifleri.com/tavuklu-sifa-corbasi-8366871/,Tavuk,Çorba,292,25.6,23.0,10.5,1.06,11.34,469.58,417.5,29.12,1445.02,20.4,1.4,124.5,0,0,0.3151,22.069,0.1847,7
Tavuklu Yalancı İşkembe Çorbası,https://www.nefisyemektarifleri.com/tavuklu-yalanci-iskembe-corbasi/,Tavuk,Çorba,216,6.9,25.9,9.5,0.21,43.4,168.36,378.4,195.3,131.36,5.58,0.5,81.74,0,0,0.4796,22.2581,0.3169,7
Arabaşı Çorbası,https://www.nefisyemektarifleri.com/bol-sifali-nefis-arabasi-corbasi-tam-olcu/,Tavuk,Çorba,292,11.2,20.1,18.8,0.5,10.14,426.3,354.5,20.6,287.4,2.62,1.6,36.95,0,0,0.2753,18.6667,0.544,7
Terbiyeli Havuç Çorbası,https://www.nefisyemektarifleri.com/video/terbiyeli-havuc-corbasi-tarifi-videosu/,Sebze,Çorba,122,12.2,2.7,7.07,0.33,38.1,70.6,117.52,56.68,1034.39,0.94,0.24,46.25,0,0,0.0885,28.3721,0.0584,7
Lebeniye Çorbası,https://www.nefisyemektarifleri.com/lebeniye-corbasi-gaziantep-usulu/,Kırmızı Et,Çorba,191,17.5,8.3,9.7,2.2,29.2,210.2,392.08,87.73,101.24,2.05,1.19,49.32,0,1,0.1738,7.6087,0.1683,7
Havuçlu Ve Tel Şehriyeli Tavuk Çorbası,https://www.nefisyemektarifleri.com/havuclu-ve-tel-sehriyeli-tavuk-corbasi/,Tavuk,Çorba,321,29.9,22.8,11.8,1.07,69.74,570.71,596.84,79.12,2899.67,10.86,1.69,90.9,0,0,0.2841,25.5556,0.2508,7
Balkabağı Çorbası,https://www.nefisyemektarifleri.com/nefis-balkabagi-corbasi-tarifi/,Sebze,Çorba,183,19.4,5.1,9.2,4.04,1.2,89.6,713.9,269.2,1521.01,20.1,1.3,33.34,0,0,0.1115,4.686,0.153,7
Sarımsaklı Un Çorbası,https://www.nefisyemektarifleri.com/sarimsakli-un-corbasi-tarifi/,Tahıl,Çorba,105,7.9,0.3,8.3,0.3,5.34,158.17,18.71,5.07,188.68,0.48,0.27,101.16,0,0,0.0114,19.75,0.003,7
Sebzeli Tel Şehriyeli Tavuk Çorba,https://www.nefisyemektarifleri.com/sebzeli-tel-sehriyeli-muhtesem-tavuk-corba/,Tavuk,Çorba,208,21.3,12.3,8.1,1.32,6.68,280.35,148.92,13.82,1769.4,35.02,0.82,57.93,0,1,0.2365,15.0,0.2123,7
Misket Köfte Çorbası,https://www.nefisyemektarifleri.com/misket-kofte-corbasi/,Kırmızı Et,Çorba,292,19.7,13.0,18.1,2.32,71.06,146.96,271.5,95.46,289.03,3.71,2.25,57.89,0,1,0.1781,8.1405,0.2246,7
Ekşili Köfte Çorbası,https://www.nefisyemektarifleri.com/video/eksili-kofte-corbasi/,Kırmızı Et,Çorba,326,30.9,14.7,15.6,3.1,230.8,238.07,543.6,251.3,2953.6,9.21,2.0,61.41,0,1,0.1804,9.6562,0.2394,7
Köfteli Çorba ve Ramazan Pidesi,https://www.nefisyemektarifleri.com/kofteli-corba-ve-ramazan-pidesi/,Kırmızı Et,Çorba,295,19.4,13.3,18.1,2.2,95.0,356.98,277.38,42.89,321.8,0.71,2.15,70.28,0,0,0.1803,8.4348,0.1892,7
Anadolu Çorbası,https://www.nefisyemektarifleri.com/anadolu-corbasi-bakliyat-corbasi/,Bakliyat,Çorba,225,20.7,6.7,12.5,3.5,89.03,296.79,231.8,145.6,473.9,3.35,1.62,43.31,0,1,0.1191,5.75,0.1547,7
Makarnalı Tavuk Suyu Çorbası Yapımı,https://www.nefisyemektarifleri.com/video/makarnali-tavuk-suyu-corbasi-yapimi/,Tavuk,Çorba,213,15.3,18.1,8.7,0.92,14.16,261.82,163.89,53.92,1604.06,2.74,1.04,37.06,0,1,0.3399,15.0,0.4884,7
Pratik Domates Çorbası,https://www.nefisyemektarifleri.com/video/pratik-domates-corbasi-tarifi-videolu/,Sebze,Çorba,119,10.4,2.1,8.1,1.76,5.34,245.7,363.36,42.28,997.2,17.2,0.62,35.24,0,1,0.0706,5.5914,0.0596,7
Şehriye Çorbası,https://www.nefisyemektarifleri.com/sehriye-corbasi-tarifi/,Tahıl,Çorba,118,14.2,2.1,6.0,0.25,10.68,143.4,159.4,13.71,234.34,4.64,0.5,34.2,1,0,0.0712,40.5714,0.0614,7
Sütlü Brokoli Çorbası,https://www.nefisyemektarifleri.com/sutlu-brokoli-corbasi-2950150/,Sebze,Çorba,123,10.3,4.3,7.1,2.62,3.8,118.3,196.7,342.34,1114.8,81.5,1.07,57.48,0,1,0.1398,3.7868,0.0748,7
Sebze Çorbası,https://www.nefisyemektarifleri.com/harika-sebze-corbasi-denemeyen-kalmasin-2518043/,Sebze,Çorba,173,16.7,3.3,10.3,2.8,0.0,157.4,631.1,69.7,756.4,42.3,1.6,38.33,1,1,0.0763,5.7586,0.0861,7
Meyhane Pilavı,https://www.nefisyemektarifleri.com/meyhane-pilavi-domatesli-bulgur-pilavi/,Tahıl,Yan Yemek,214,26.6,3.8,10.2,4.58,0.0,146.6,368.6,25.8,543.56,32.8,2.0,48.52,0,1,0.071,5.6838,0.0783,4
Maklube,https://www.nefisyemektarifleri.com/maklube-tarifi/,Kırmızı Et,Tek Öğün,292,9.4,19.7,19.03,0.71,60.9,232.27,337.14,293.45,15.15,0.0,1.71,81.8,0,1,0.2699,11.6049,0.2408,3
Özbek Pilavı,https://www.nefisyemektarifleri.com/ozbek-pilavi-muhtesem-lezzet-6715904/,Kırmızı Et,Yan Yemek,842,86.1,25.3,42.6,1.24,66.03,222.9,468.81,140.33,3387.16,4.12,3.17,90.07,0,0,0.1202,64.2537,0.2809,4
Salçalı Bulgur Pilavı,https://www.nefisyemektarifleri.com/salcali-bulgur-pilavi-4138978/,Tahıl,Yan Yemek,363,54.0,7.3,12.3,8.0,17.6,44.6,308.0,32.3,115.3,3.34,3.6,115.12,0,0,0.0804,6.6667,0.0634,4
Müceddere Pilavı,https://www.nefisyemektarifleri.com/muceddere-pilavi-3704352/,Bakliyat,Yan Yemek,353,42.5,11.7,12.8,13.12,6.67,244.16,264.5,343.06,111.6,5.8,4.8,49.18,1,1,0.1326,3.2148,0.2379,4
İç Pilavlı Tavuk Dolması,https://www.nefisyemektarifleri.com/ic-pilavli-tavuk-dolmasi-nasil-yapilir/,Tavuk,Tek Öğün,823,61.5,40.6,44.2,1.75,142.42,351.83,559.54,424.82,2090.21,6.34,3.24,78.07,0,0,0.1973,33.2432,0.52,3
Tavuk Büryan,https://www.nefisyemektarifleri.com/tavuk-buryan-tarifi-1466294/,Tavuk,Tek Öğün,526,74.4,25.8,12.4,0.34,3.85,236.7,230.21,51.2,83.98,2.3,1.8,44.74,0,0,0.1962,169.0909,0.5767,3
İç Pilav,https://www.nefisyemektarifleri.com/ic-pilav-tarifi/,Kırmızı Et,Yan Yemek,569,54.2,15.3,32.1,1.08,0.16,129.31,196.1,206.05,19578.68,2.76,4.42,32.24,0,0,0.1076,45.9322,0.4746,4
Kuskus Pilavı,https://www.nefisyemektarifleri.com/kuskus-pilavi-tarifi/,Tahıl,Yan Yemek,587,89.7,14.3,18.5,5.0,8.9,126.1,178.2,119.9,64.04,0.0,1.1,37.38,0,0,0.0974,17.5882,0.3826,4
Havuçlu Biberli Arpa Şehriye Pilavı,https://www.nefisyemektarifleri.com/havuclu-biberli-arpa-sehriye-pilavi-nefis/,Tahıl,Yan Yemek,292,40.5,6.6,11.3,3.55,10.68,225.48,252.94,69.19,1540.4,47.2,1.9,35.86,1,1,0.0904,11.0959,0.184,4
Özbek Pilavı,https://www.nefisyemektarifleri.com/ozbek-pilavi-muhtesem-lezzet/,Kırmızı Et,Yan Yemek,606,73.5,16.0,26.4,1.22,49.2,142.42,396.85,37.0,4905.85,15.14,1.78,90.07,0,0,0.1056,55.6818,0.1776,4
Porsiyonluk Perde Pilavı,https://www.nefisyemektarifleri.com/porsiyonluk-perde-pilavi/,Tavuk,Tek Öğün,790,102.3,21.9,32.1,1.22,20.96,364.59,250.27,61.39,138.14,0.57,1.9,105.45,0,0,0.1109,77.5,0.2077,3
Tel Şehriyeli Bulgur Pilavı,https://www.nefisyemektarifleri.com/tel-sehriyeli-bulgur-pilavi-4159466/,Tahıl,Yan Yemek,354,50.5,7.2,13.2,5.8,8.9,219.74,320.91,25.87,28.42,1.63,2.92,108.25,0,0,0.0814,8.5593,0.0665,4
Tavuklu Pilav,https://www.nefisyemektarifleri.com/tavuklu-pilav-1881098/,Tavuk,Tek Öğün,524,77.0,31.5,9.0,0.67,17.2,278.14,359.5,3516.0,55.8,30.08,1.45,86.45,0,0,0.2405,100.0,0.3644,3
Domatesli Tereyağlı Pirinç pilavı,https://www.nefisyemektarifleri.com/domatesli-tereyagli-pirinc-pilavi/,Tahıl,Yan Yemek,613,111.6,10.0,12.6,1.93,8.6,178.0,473.34,133.34,1263.34,20.0,1.53,70.33,0,0,0.0653,54.9754,0.1422,4
Etli Bulgur Pilavı,https://www.nefisyemektarifleri.com/etli-bulgur-pilavi-12044104/,Tahıl,Yan Yemek,412,43.01,17.5,18.03,6.7,95.52,454.51,621.04,44.9,227.11,29.56,4.48,69.07,0,1,0.1699,6.325,0.2534,4
Risotto,https://www.nefisyemektarifleri.com/risotto-puf-noktali-yapim-asamali/,Tavuk,Tek Öğün,808,106.0,24.0,27.0,1.43,45.1,1006.64,964.22,192.16,158.91,6.69,2.58,52.81,0,0,0.1188,69.281,0.4545,3
Ankara Tava,https://www.nefisyemektarifleri.com/ankara-tava-5719749/,Kırmızı Et,Yan Yemek,482,41.3,22.0,25.0,2.76,52.14,473.6,713.82,100.5,429.7,14.71,3.3,85.4,0,1,0.1826,14.4406,0.2576,4
Lazanya,https://www.nefisyemektarifleri.com/video/lazanya-tarifi-videolu-anlatimi/,Kırmızı Et,Tek Öğün,705,79.7,32.1,28.6,4.06,81.06,444.14,732.89,260.8,657.38,11.81,1.98,84.62,0,0,0.1821,19.1587,0.3793,3
Kremalı Domatesli Makarna,https://www.nefisyemektarifleri.com/kendi-sosunda-pisen-kremali-domatesli-makarna/,Tahıl,Yan Yemek,496,72.0,11.0,21.0,4.25,8.9,324.43,557.05,157.91,1022.78,15.34,0.96,36.24,1,0,0.0887,16.5517,0.3035,4
Tavuklu Makarna Salatası,https://www.nefisyemektarifleri.com/tavuklu-makarna-salatasi/,Tavuk,Yan Yemek,224,37.4,9.6,4.1,1.2,2.67,55.7,110.6,26.7,38.3,0.1,0.07,32.34,0,0,0.1714,28.7692,0.2968,4
Kabak Spagetti,https://www.nefisyemektarifleri.com/kabak-spagetti/,Sebze,Yan Yemek,463,14.7,6.9,44.1,5.34,0.0,322.17,982.87,256.16,1206.36,62.3,6.44,113.62,0,1,0.0596,2.7022,0.0607,4
Mantarlı Biberli Makarna,https://www.nefisyemektarifleri.com/kendini-kremali-sanan-mantarli-biberli-makarna/,Tahıl,Yan Yemek,555,88.1,15.1,17.04,4.64,24.9,356.32,574.7,285.73,1702.3,20.0,1.34,33.62,0,0,0.1088,18.5865,0.4491,4
Kremalı Mantarlı Tavuklu Makarna,https://www.nefisyemektarifleri.com/kremali-mantarli-tavuklu-makarna-5749286/,Tavuk,Yan Yemek,777,58.0,53.0,39.0,3.89,2.26,593.7,1275.07,182.34,119.14,5.91,1.5,138.44,0,0,0.2728,14.5363,0.3828,5
Kıymalı Makarna,https://www.nefisyemektarifleri.com/kiymali-makarna/,Kırmızı Et,Yan Yemek,351,42.6,13.6,14.1,2.3,23.2,282.4,428.4,27.24,243.2,6.9,1.3,58.0,0,0,0.155,17.75,0.2345,4
Lazanya,https://www.nefisyemektarifleri.com/lazanya-tarifi/,Kırmızı Et,Tek Öğün,838,75.2,40.0,41.7,2.57,97.0,695.0,1167.75,393.7,1075.0,18.59,3.25,126.92,0,0,0.1909,28.1648,0.3152,3
Kremalı Domates Soslu Tavuklu Makarna,https://www.nefisyemektarifleri.com/kremali-domates-soslu-tavuklu-makarna-tarifi-videolu/,Tavuk,Tek Öğün,524,44.0,31.0,26.0,2.54,20.0,392.01,528.7,166.2,767.7,11.7,0.9,52.38,0,0,0.2366,16.6667,0.5918,3
Beşamel Soslu Fırında Makarna,https://www.nefisyemektarifleri.com/video/besamel-soslu-firinda-makarna/,Tahıl,Yan Yemek,357,35.9,24.6,11.9,2.2,27.93,391.04,643.54,167.5,334.89,15.58,0.7,70.42,0,0,0.2756,15.6087,0.3493,4
Kremalı Tavuklu Mantarlı Makarna,https://www.nefisyemektarifleri.com/kremali-tavuklu-mantarli-makarna-8910964/,Tavuk,Tek Öğün,406,43.0,14.0,23.0,0.82,0.0,263.4,1384.0,11.6,41.6,3.07,0.56,59.22,0,0,0.1379,46.7391,0.2364,3
Tavuklu Körili Kremalı Makarna,https://www.nefisyemektarifleri.com/tavuklu-korili-kremali-makarna/,Tavuk,Tek Öğün,758,65.9,34.9,40.3,2.83,0.0,483.9,719.49,148.11,138.06,2.78,0.44,68.06,0,0,0.1842,22.4915,0.5128,3
Kremalı Makarna,https://www.nefisyemektarifleri.com/nefis-kremali-makarna/,Tahıl,Yan Yemek,347,37.2,8.4,18.8,2.3,6.5,139.0,269.8,86.6,410.0,49.8,2.76,36.69,0,0,0.0968,15.5,0.2289,4
Kremalı Mantarlı Makarna,https://www.nefisyemektarifleri.com/video/kremali-mantarli-makarna/,Tahıl,Tek Öğün,652,72.0,15.0,38.0,4.34,0.0,279.0,732.34,32.82,42.11,5.8,0.94,42.98,0,0,0.092,16.2162,0.349,3
Soslu Erişte,https://www.nefisyemektarifleri.com/soslu-leziz-eriste/,Tahıl,Yan Yemek,565,84.1,17.5,17.9,8.09,0.0,898.3,873.7,111.2,2020.9,88.8,5.2,41.56,1,0,0.1239,10.2686,0.4211,4
Kıymalı Lazanya,https://www.nefisyemektarifleri.com/kiymali-lazanya-2209573/,Kırmızı Et,Tek Öğün,238,19.2,10.7,13.0,0.61,29.68,2.06,275.68,138.5,440.12,4.5,0.66,36.03,0,0,0.1798,27.0423,0.297,3
Sebzeli Tavuklu Spagetti,https://www.nefisyemektarifleri.com/tavuklu-sebzeli-makarna-9149062/,Tavuk,Tek Öğün,392,59.6,15.5,10.4,3.93,1.07,372.9,409.15,39.39,267.8,45.04,1.01,67.45,0,0,0.1582,14.7891,0.2298,3
Fettucini Alfredo,https://www.nefisyemektarifleri.com/fettucini-alfredo-6316998/,Tavuk,Tek Öğün,801,78.0,31.0,44.0,0.86,27.0,126.6,413.6,118.0,201.2,2.6,0.6,67.2,0,0,0.1548,81.25,0.4613,3
Bolonez Soslu Spagetti,https://www.nefisyemektarifleri.com/bolonez-bolognese-soslu-spagetti/,Kırmızı Et,Tek Öğün,573,85.9,23.4,15.5,5.14,34.8,348.93,732.35,197.76,3465.43,12.69,2.01,69.18,0,0,0.1634,16.3931,0.3382,3
Tavuk Dünyası Makarna,https://www.nefisyemektarifleri.com/tavuk-dunyasi-makarna-tarifi/,Tahıl,Yan Yemek,425,3.3,9.5,20.5,2.5,0.0,158.5,151.01,124.45,16.53,0.26,0.39,38.07,0,1,0.0894,1.2692,0.2495,4
Kremalı Mantarlı Makarna,https://www.nefisyemektarifleri.com/kremali-mantarli-makarna-nefis/,Tahıl,Tek Öğün,612,59.3,15.1,35.6,3.25,4.3,150.7,330.6,185.2,97.71,1.64,0.42,42.98,0,0,0.0987,17.7015,0.3513,3
Fellah Köftesi,https://www.nefisyemektarifleri.com/fellah-koftesi-tarifi-524700/,Tahıl,Ana Yemek,365,69.7,7.4,6.9,6.86,26.64,200.79,487.81,108.37,765.46,16.72,3.2,32.42,0,0,0.0811,10.0144,0.2283,2
Etli Kuru Fasulye,https://www.nefisyemektarifleri.com/etli-kuru-fasulye/,Kırmızı Et,Ana Yemek,423,19.34,22.46,24.54,16.46,40.2,192.18,431.2,469.42,318.14,7.01,4.2,57.64,0,1,0.2124,1.1679,0.3897,6
Etli Nohut,https://www.nefisyemektarifleri.com/etli-nohut-tarifi/,Kırmızı Et,Ana Yemek,382,11.6,21.6,27.4,3.0,67.0,160.6,267.0,309.8,189.8,1.97,1.1,112.63,0,1,0.2262,3.7419,0.1918,6
Nohut Yemeği,https://www.nefisyemektarifleri.com/video/nohut-yemegi-tarifi-videolu/,Kırmızı Et,Ana Yemek,430,35.0,21.0,22.2,4.07,37.6,104.7,668.2,196.09,163.9,38.6,5.04,77.02,0,1,0.1953,8.3933,0.2727,6
Bulgur Köftesi,https://www.nefisyemektarifleri.com/bulgur-koftesi/,Tahıl,Ana Yemek,240,42.1,6.08,5.9,5.52,0.1,222.8,388.84,132.04,1000.71,20.46,2.74,45.15,0,1,0.1013,7.4911,0.1347,2
Zeytinyağlı Barbunya Pilaki,https://www.nefisyemektarifleri.com/zeytinyagli-barbunya-pilaki/,Bakliyat,Ana Yemek,639,60.3,18.7,36.9,19.12,0.0,245.96,729.68,973.4,2748.51,7.33,6.35,40.63,0,0,0.1171,3.1374,0.4603,2
Nohut Tava,https://www.nefisyemektarifleri.com/video/nohut-tava-tarifi/,Bakliyat,Ana Yemek,352,27.0,8.0,24.0,8.12,0.0,139.26,416.68,238.4,904.1,54.15,3.26,56.79,0,1,0.0909,3.2847,0.1409,2
Kuru Fasulye,https://www.nefisyemektarifleri.com/video/kuru-fasulye-nasil-yapilir/,Kırmızı Et,Ana Yemek,384,27.9,23.1,19.5,6.6,49.2,273.72,701.62,257.5,88.5,4.41,5.5,58.03,0,0,0.2406,4.1642,0.3981,6
Etsiz Nohut Yemeği,https://www.nefisyemektarifleri.com/etsiz-nohut-yemegi-248941/,Bakliyat,Ana Yemek,519,57.6,18.3,24.34,6.3,0.0,217.6,1085.0,150.3,491.0,41.34,6.7,41.74,0,0,0.141,9.0,0.4384,2
Etli Kuru Fasulye Yemeği,https://www.nefisyemektarifleri.com/etli-kuru-fasulye-yemegi/,Kırmızı Et,Ana Yemek,413,25.0,26.0,20.0,21.0,40.2,170.2,947.0,104.8,140.2,17.2,4.36,58.03,0,0,0.2518,1.1848,0.448,6
Erişteli Yeşil Mercimek Yemeği,https://www.nefisyemektarifleri.com/eristeli-yesil-mercimek-yemegi-163488/,Bakliyat,Ana Yemek,369,49.0,22.0,7.1,14.8,0.0,203.1,627.06,377.84,615.2,20.4,5.15,64.81,1,0,0.2385,3.2886,0.3395,2
Etli Nohut,https://www.nefisyemektarifleri.com/lokum-gibi-etli-nohut-yapimi-tam-kivaminda/,Kırmızı Et,Ana Yemek,414,32.3,20.08,22.5,2.9,36.8,378.04,636.9,85.4,62.7,3.4,4.6,62.99,0,1,0.194,10.7667,0.3188,6
Kıymalı Bezelye Yemeği,https://www.nefisyemektarifleri.com/kiymali-bezelye-yemegi/,Kırmızı Et,Ana Yemek,410,45.8,20.2,16.2,12.55,26.2,338.13,1049.57,552.29,2540.0,55.73,4.31,51.56,0,0,0.1971,3.6206,0.3918,6
Güveçte Etli Kuru Fasulye,https://www.nefisyemektarifleri.com/guvecte-lokum-gibi-etli-kuru-fasulye-videolu/,Kırmızı Et,Ana Yemek,368,20.1,20.2,18.65,0.7,36.2,146.2,751.3,96.24,211.8,5.4,3.92,75.62,0,0,0.2196,25.125,0.2671,6
Beşamel Soslu Mantarlı Patatesli Oturtma,https://www.nefisyemektarifleri.com/video/besamel-soslu-mantarli-patatesli-oturtma/,Kırmızı Et,Ana Yemek,322,23.3,16.2,17.8,2.1,50.74,250.28,767.95,252.11,192.2,6.2,1.38,56.58,0,1,0.2012,10.5909,0.2863,6
Ispanak Yemeği,https://www.nefisyemektarifleri.com/ispanak-yemegi-tarifi/,Sebze,Ana Yemek,223,21.3,11.0,10.0,9.63,0.0,439.15,539.55,2137.4,773.75,2609.24,14.86,35.68,0,1,0.1973,2.1891,0.3083,0
Köfteli Patlıcan Bohçası,https://www.nefisyemektarifleri.com/kofteli-patlican-bohcasi-tarifi/,Kırmızı Et,Ana Yemek,231,8.3,11.3,16.8,3.69,46.8,166.4,483.0,85.96,381.45,21.35,1.97,37.11,0,1,0.1957,2.19,0.3045,6
Fırında Patates Püreli Patlıcan Kebabı,https://www.nefisyemektarifleri.com/video/firinda-patates-pureli-patlican-kebabi-tarifi/,Kırmızı Et,Ana Yemek,302,26.1,13.9,15.03,6.06,32.6,393.8,923.4,205.2,631.9,19.6,1.8,42.63,0,1,0.1841,4.237,0.3261,6
Fırında Kıymalı Patlıcan,https://www.nefisyemektarifleri.com/firinda-kiymali-patlican/,Kırmızı Et,Ana Yemek,312,15.7,18.1,19.7,5.3,44.8,723.01,1074.6,411.5,594.2,19.2,4.5,83.07,0,1,0.2321,2.9074,0.2179,6
Beşamel Soslu Patlıcan Musakka,https://www.nefisyemektarifleri.com/besamel-soslu-patlican-musakka/,Kırmızı Et,Ana Yemek,495,16.3,24.5,36.1,4.4,74.38,561.42,769.27,493.09,754.7,11.2,2.7,72.37,0,1,0.198,3.6222,0.3385,6
Fırında Tavuklu Kabak Yemeği,https://www.nefisyemektarifleri.com/video/firinda-tavuklu-kabak-yemegi-nasil-yapilir/,Tavuk,Ana Yemek,359,11.03,37.3,17.8,1.7,30.7,454.5,857.4,303.8,605.03,17.6,2.5,141.89,0,1,0.4156,6.1278,0.2629,5
Ratatuy,https://www.nefisyemektarifleri.com/ratatuy-tarifi/,Sebze,Ana Yemek,421,40.3,19.01,20.4,9.51,46.64,475.69,1673.8,408.98,1855.6,63.3,2.91,71.08,0,1,0.1806,4.1935,0.2674,0
Patatesli Havuçlu Bezelye Yemeği,https://www.nefisyemektarifleri.com/patatesli-havuclu-bezelye-yemegi-tarifi/,Sebze,Ana Yemek,377,59.5,16.7,9.4,16.8,0.0,190.7,1343.2,98.0,3634.5,104.5,4.18,39.47,0,0,0.1772,3.5207,0.4231,0
Etsiz Bamya Yemeği,https://www.nefisyemektarifleri.com/etsiz-bamya-yemegi/,Sebze,Ana Yemek,121,13.0,4.4,5.6,5.4,0.0,137.2,589.0,107.0,664.8,68.2,48.6,79.83,0,1,0.1455,2.3636,0.0551,0
Sebzeli Kuşbaşı Etli Güveç,https://www.nefisyemektarifleri.com/sebzeli-kusbasi-etli-guvec/,Kırmızı Et,Ana Yemek,418,25.0,18.0,26.7,6.13,49.22,269.36,1097.4,163.29,821.06,55.61,2.81,142.42,0,1,0.1722,4.0128,0.1264,6
Fırında Kıymalı Patates Dizmesi,https://www.nefisyemektarifleri.com/video/firinda-kiymali-patates-dizmesi-cok-pratik-firin-yemegi/,Kırmızı Et,Ana Yemek,392,26.3,22.3,21.2,2.9,58.08,253.7,977.7,223.6,604.7,14.1,2.6,85.55,0,1,0.2276,8.7667,0.2607,6
Mantar Sote,https://www.nefisyemektarifleri.com/video/mantar-sote-yapimi-videolu-anlatim/,Sebze,Ana Yemek,242,13.0,6.0,19.0,4.3,0.0,307.9,764.2,197.12,181.87,68.1,2.1,108.3,0,0,0.0992,2.9545,0.0554,0
Patates Lazanya,https://www.nefisyemektarifleri.com/patates-lazanya/,Tavuk,Ana Yemek,302,22.3,11.6,19.0,1.9,23.1,265.82,559.59,176.97,204.5,6.56,0.56,37.71,0,1,0.1536,11.15,0.3076,5
Fırında Patates Püresi,https://www.nefisyemektarifleri.com/video/firinda-muhtesem-patates-puresi-videolu/,Sebze,Ana Yemek,493,56.5,18.5,19.4,3.0,59.08,385.32,1039.54,498.23,480.1,0.2,0.08,64.89,0,0,0.1501,18.2258,0.2851,0
Karnıyarık,https://www.nefisyemektarifleri.com/karni-yarik-tarifi/,Kırmızı Et,Ana Yemek,184,11.0,10.0,11.1,6.8,19.3,59.5,790.84,61.8,387.17,17.7,3.03,60.96,0,1,0.2174,1.5942,0.164,6
Karnabahar Yemeği,https://www.nefisyemektarifleri.com/video/karnabahar-yemegi-nasil-yapilir/,Sebze,Ana Yemek,108,11.9,3.7,5.5,3.62,0.0,130.28,255.25,318.08,1401.99,53.46,1.09,36.18,0,1,0.137,3.1989,0.1023,0
Ispanak Yemeği,https://www.nefisyemektarifleri.com/video/ispanak-yemegi-tarifi-videolu/,Sebze,Ana Yemek,165,15.9,8.02,7.1,7.3,0.0,320.4,395.7,1598.4,573.9,134.7,10.81,35.68,0,1,0.1944,2.1486,0.2248,0
Sebzeli Yeşil Mercimek Yemeği,https://www.nefisyemektarifleri.com/video/sebzeli-yesil-mercimek-yemegi-tarifi/,Bakliyat,Ana Yemek,293,30.0,12.1,12.0,13.48,0.0,151.6,451.2,464.4,4267.04,5.87,4.2,54.58,0,1,0.1652,2.2091,0.2217,2
Beşamel Soslu Fırında Ispanak,https://www.nefisyemektarifleri.com/video/besamel-soslu-firinda-ispanak-tarifi/,Sebze,Ana Yemek,454,21.8,22.4,29.9,9.4,42.2,750.78,641.84,2425.9,888.31,176.46,14.06,53.56,0,1,0.1974,2.2947,0.4182,0
Portakallı Kereviz Yemeği,https://www.nefisyemektarifleri.com/portakalli-kereviz-yemegi/,Sebze,Ana Yemek,402,70.9,8.5,10.5,62.8,0.0,657.36,1326.89,235.96,4498.65,61.9,2.6,62.76,0,0,0.0846,1.1272,0.1354,0
Mantar Sote,https://www.nefisyemektarifleri.com/mantar-sote-tarifi/,Sebze,Ana Yemek,255,20.0,8.3,17.0,5.6,0.0,233.0,1213.0,56.67,1058.0,81.67,2.23,74.39,0,1,0.1302,3.5088,0.1116,0
Ispanaklı Fırın Patates,https://www.nefisyemektarifleri.com/ispanakli-firin-patates-videolu/,Sebze,Ana Yemek,376,17.02,10.6,31.0,2.74,29.45,590.5,558.28,399.25,813.98,29.04,2.62,70.92,0,1,0.1128,5.993,0.1495,0
Zeytinyağlı Patlıcan,https://www.nefisyemektarifleri.com/video/zeytinyagli-patlican-tarifi/,Sebze,Ana Yemek,157,10.1,3.6,11.4,7.8,0.0,333.0,582.16,124.09,508.74,74.28,1.3,35.62,0,1,0.0917,1.2785,0.1011,0
Patates Graten,https://www.nefisyemektarifleri.com/video/patates-graten-tarifi/,Sebze,Ana Yemek,522,43.2,18.0,31.0,2.6,51.8,413.3,955.8,566.63,533.26,0.8,0.17,42.7,0,0,0.1379,16.0,0.4215,0
Pirinçli Kabak Yemeği,https://www.nefisyemektarifleri.com/pirincli-kabak-yemegi-yapimi/,Sebze,Ana Yemek,232,17.3,6.0,15.34,5.0,0.0,238.34,799.34,205.67,204.4,94.0,5.3,76.3,0,1,0.1034,3.3922,0.0786,0
Zeytinyağlı Taze Fasulye,https://www.nefisyemektarifleri.com/zeytinyagli-taze-fasulye-tarifi-196168/,Bakliyat,Ana Yemek,410,20.6,4.7,36.6,6.6,0.0,134.0,824.67,88.34,21.23,41.67,2.8,33.66,0,1,0.0459,3.0746,0.1396,2
Fırında Patlıcan Yemeği,https://www.nefisyemektarifleri.com/firinda-patlican-yemegi-tarifi-630055/,Kırmızı Et,Ana Yemek,374,48.7,20.4,9.72,12.05,34.9,514.36,1689.35,173.61,577.8,99.04,3.6,97.63,0,0,0.2182,4.0082,0.209,6
Tepside Pratik Kumpir,https://www.nefisyemektarifleri.com/tepside-pratik-kumpir/,Kırmızı Et,Ana Yemek,313,41.9,12.7,10.3,6.8,40.3,408.56,914.6,302.94,7042.3,24.41,1.27,116.8,0,1,0.1623,6.0725,0.1087,6
Fırında Kaşarlı Mantar,https://www.nefisyemektarifleri.com/firinda-kasarli-mantar-tarifi/,Sebze,Ana Yemek,297,5.5,16.8,24.1,1.3,73.36,271.16,357.96,422.63,538.8,2.8,0.74,57.93,1,1,0.2263,3.9286,0.29,0
Sebze Kebabı,https://www.nefisyemektarifleri.com/video/cok-begenilen-sebze-kebabi-tarifi/,Sebze,Ana Yemek,320,42.06,7.9,12.6,5.4,159.68,126.71,1344.59,113.2,2911.7,65.42,1.9,43.15,0,1,0.0988,7.6473,0.1831,0
Karnıyarık,https://www.nefisyemektarifleri.com/video/karniyarik-videosu/,Kırmızı Et,Ana Yemek,386,16.5,16.8,27.6,8.53,230.0,137.5,1035.4,70.0,433.2,57.6,3.65,60.96,0,1,0.1741,1.9119,0.2756,6
Patlıcan Çığırtma,https://www.nefisyemektarifleri.com/patlican-cigirtma-bergama-yoresi/,Sebze,Ana Yemek,217,10.8,3.9,18.0,8.0,0.0,63.7,678.97,129.17,983.71,61.21,1.39,36.15,0,1,0.0719,1.3333,0.1079,0
Patates Oturtma,https://www.nefisyemektarifleri.com/patates-oturtma-nasil-yapilir/,Kırmızı Et,Ana Yemek,527,46.0,24.0,26.0,4.5,159.2,174.34,1487.2,233.9,618.71,18.25,2.45,93.19,0,0,0.1822,10.0,0.2575,6
Patlıcan Çığırtma,https://www.nefisyemektarifleri.com/video/patlican-cigirtma-nasil-yapilir/,Sebze,Ana Yemek,337,13.2,5.07,29.8,10.9,0.0,294.46,969.01,56.39,1040.96,108.93,1.9,36.15,0,1,0.0602,1.2,0.1402,0
Tavuklu Bezelye Yemeği,https://www.nefisyemektarifleri.com/tavuklu-bezelye-yemegi/,Tavuk,Ana Yemek,268,25.4,23.5,8.0,6.2,0.0,260.9,930.16,44.07,852.35,38.51,1.96,50.11,0,1,0.3507,4.0317,0.469,5
Sebzeli Mantar Sote,https://www.nefisyemektarifleri.com/mukemmel-sebzeli-mantar-sote/,Sebze,Ana Yemek,363,19.0,8.0,30.0,5.37,0.05,251.3,1111.4,54.5,1054.0,56.54,2.3,100.65,0,1,0.0882,3.4735,0.0795,0
Tavada Patates Böreği,https://www.nefisyemektarifleri.com/tavada-patates-boregi/,Tahıl,Ana Yemek,185,19.4,6.4,8.3,1.5,57.1,207.76,400.38,221.73,274.16,3.78,0.43,31.33,0,1,0.1384,12.125,0.2043,2
Tavuklu Kabak Sandal Yemeği,https://www.nefisyemektarifleri.com/video/tavuklu-kabak-sandal-yemegi-videolu/,Tavuk,Ana Yemek,185,11.0,21.0,7.0,2.8,58.1,334.43,632.12,160.11,256.52,73.52,1.96,97.88,1,1,0.4541,3.7931,0.2145,5
Karnabahar Yemeği,https://www.nefisyemektarifleri.com/karnabahar-yemegi-yapilisi/,Sebze,Ana Yemek,371,46.0,10.0,17.0,10.05,0.0,168.16,961.2,1038.7,4869.97,165.6,2.03,36.18,0,0,0.1078,4.532,0.2764,0
Kıymalı Patates Yemeği,https://www.nefisyemektarifleri.com/kiymali-patates-yemegi-tarifi/,Kırmızı Et,Ana Yemek,277,31.8,10.0,11.5,3.5,17.4,258.03,1001.21,213.34,440.29,28.68,1.07,44.4,0,1,0.1444,8.8333,0.2252,6
Türlü,https://www.nefisyemektarifleri.com/video/turlu-tarifi/,Bakliyat,Ana Yemek,178,22.9,5.5,7.5,7.42,0.0,192.1,919.0,161.2,1295.0,67.13,2.58,31.08,0,1,0.1236,3.0452,0.177,2
Zade Kebabı,https://www.nefisyemektarifleri.com/nefis-zade-kebabi/,Kırmızı Et,Ana Yemek,524,44.0,31.0,26.0,2.54,20.0,392.01,528.7,166.2,767.7,11.7,0.9,79.76,0,0,0.2366,16.6667,0.3887,6
Patates Yemeği,https://www.nefisyemektarifleri.com/misafir-sofralarina-yakisacak-patates-yemegi/,Kırmızı Et,Ana Yemek,346,22.8,19.3,18.4,2.3,38.3,543.6,687.56,245.72,335.91,16.3,1.47,51.04,0,1,0.2231,9.5,0.3781,6
Kabak Mücver,https://www.nefisyemektarifleri.com/kabak-mucver-175653/,Sebze,Ana Yemek,165,26.9,1.07,5.8,0.44,19.57,78.7,35.4,17.73,28.64,2.36,0.1,46.22,0,0,0.0259,49.8148,0.0232,0
Ispanaklı Patatesli Graten,https://www.nefisyemektarifleri.com/ispanakli-patatesli-graten-8239795/,Süt Ürünü,Ana Yemek,458,45.1,16.3,22.2,5.08,35.64,456.07,1533.84,428.73,3724.2,34.9,3.02,37.08,0,0,0.1424,8.7066,0.4396,2
Tavuklu Bezelye,https://www.nefisyemektarifleri.com/tavuklu-bezelye/,Tavuk,Ana Yemek,276,33.03,17.5,8.2,2.27,0.0,252.57,714.68,273.11,620.16,50.1,2.13,54.26,0,1,0.2536,13.9367,0.3225,5
Etli Patates Yemeği,https://www.nefisyemektarifleri.com/etli-patates-yemegi/,Kırmızı Et,Ana Yemek,667,65.3,35.9,28.01,5.68,416.6,383.5,2085.36,75.19,20881.64,9.56,7.67,99.11,0,0,0.2153,11.2976,0.3622,6
Fırında Kıymalı Patates,https://www.nefisyemektarifleri.com/firinda-kiymali-patates-280885/,Kırmızı Et,Ana Yemek,380,32.2,19.4,18.5,3.63,47.06,244.7,1067.27,226.65,440.4,30.74,2.36,77.01,0,1,0.2042,8.6327,0.2519,6
Karnabahar Graten,https://www.nefisyemektarifleri.com/borek-tadinda-enfes-karnabahar-graten-resimli-anlatim/,Süt Ürünü,Ana Yemek,378,31.03,13.6,23.2,3.89,128.5,236.46,949.4,284.7,346.1,61.21,0.6,40.79,0,1,0.1439,7.7769,0.3334,2
Fırında Patates Yemeği,https://www.nefisyemektarifleri.com/pratik-firinda-patates-yemegi/,Sebze,Ana Yemek,280,41.6,5.8,9.7,5.29,110.71,57.08,1255.23,52.28,955.41,50.5,0.7,102.44,0,1,0.0829,7.718,0.0566,0
Zeytinyağlı Kabak,https://www.nefisyemektarifleri.com/zeytinyagli-kabak-tarifi/,Sebze,Ana Yemek,192,10.6,4.3,15.0,3.9,0.0,194.6,784.0,105.6,613.34,50.0,4.2,30.66,0,0,0.0896,2.65,0.1402,0
Tencerede Patlıcan Musakka,https://www.nefisyemektarifleri.com/tencerede-patlican-musakka-muhtesem-lezzet/,Kırmızı Et,Ana Yemek,216,16.0,17.0,9.2,10.49,34.8,187.76,580.68,660.9,698.77,54.52,3.3,90.18,0,1,0.3148,1.5109,0.1885,6
Fırında Kaşarlı Sebze Yemeği,https://www.nefisyemektarifleri.com/firinda-kasarli-sebze-yemegi/,Sebze,Ana Yemek,324,28.04,7.7,19.9,5.1,14.08,254.73,865.2,128.3,759.09,22.43,1.4,41.84,0,1,0.0951,5.3923,0.184,0
Güveçte Mantar Şöleni,https://www.nefisyemektarifleri.com/guvecte-mantar-soleni/,Sebze,Ana Yemek,146,10.1,10.7,7.08,2.74,25.0,396.07,535.6,193.64,571.42,36.81,1.49,46.32,0,1,0.2932,3.5563,0.231,0
Zeytinyağlı Kabak Kavurma,https://www.nefisyemektarifleri.com/zeytinyagli-kabak-kavurma/,Sebze,Ana Yemek,282,12.5,4.9,24.6,4.68,0.0,190.6,753.47,174.59,3313.99,47.11,3.6,60.34,0,1,0.0695,2.6151,0.0812,0
Tavuklu Sultan Kebabı,https://www.nefisyemektarifleri.com/tavuklu-sultan-kebabi-tarifi/,Tavuk,Ana Yemek,493,43.4,41.5,16.7,6.12,26.06,498.05,856.76,233.81,839.45,23.82,2.1,99.21,0,1,0.3367,6.9775,0.4183,5
İzmir Köfte,https://www.nefisyemektarifleri.com/video/izmir-kofte-nasil-yapilir/,Kırmızı Et,Ana Yemek,689,53.2,28.3,38.6,5.3,96.3,681.46,1485.3,352.9,670.0,32.2,4.34,112.14,0,0,0.1643,9.8519,0.2524,6
Köfteli İslim Kebabı,https://www.nefisyemektarifleri.com/video/kofteli-islim-kebabi-tarifi/,Kırmızı Et,Ana Yemek,231,8.3,11.3,16.8,3.69,46.8,166.4,483.0,85.96,381.45,21.35,1.97,37.11,0,1,0.1957,2.19,0.3045,6
Karnıyarık Yemeği,https://www.nefisyemektarifleri.com/video/karniyarik-yemegi-videosu/,Kırmızı Et,Ana Yemek,362,12.0,4.0,33.0,7.2,0.1,136.6,708.5,260.84,606.35,59.94,1.7,56.88,0,1,0.0442,1.6438,0.0703,6
Püreli Tepsi Kebabı,https://www.nefisyemektarifleri.com/pureli-tepsi-kebabi/,Kırmızı Et,Ana Yemek,253,18.9,15.1,12.2,1.52,58.34,254.03,579.17,132.5,248.0,4.59,1.36,56.72,0,1,0.2387,11.6667,0.2662,6
Kıymalı Rulo Patates,https://www.nefisyemektarifleri.com/video/davet-sofralarinin-yildizi-olacak-kiymali-rulo-patates/,Kırmızı Et,Ana Yemek,299,17.0,20.0,16.02,2.2,100.5,363.01,634.8,417.08,433.59,29.9,1.7,95.28,0,1,0.2676,7.3913,0.2099,6
Tavuklu Sultan Kebabı,https://www.nefisyemektarifleri.com/video/tavuklu-sultan-kebabi-nefis-yemek-tarifleri/,Tavuk,Ana Yemek,471,44.8,44.6,11.5,6.12,21.36,471.91,968.13,237.18,844.15,24.14,2.32,99.21,0,1,0.3788,7.2026,0.4496,5
Şehzade Kebabı,https://www.nefisyemektarifleri.com/video/sehzade-kebabi-nasil-yapilir/,Kırmızı Et,Ana Yemek,449,10.5,28.0,31.4,5.51,89.64,315.73,891.89,122.51,201.7,37.56,3.8,146.04,0,1,0.2494,1.8717,0.1917,6
Tavuklu Buğu Kebabı,https://www.nefisyemektarifleri.com/video/sahane-lezzeti-ile-bugu-kebabi-tarifi-videolu/,Tavuk,Ana Yemek,355,12.0,36.1,17.8,1.05,19.3,435.19,764.08,204.7,449.2,14.6,1.1,94.51,0,1,0.4068,10.4348,0.382,5
Fırında Patlıcan Kebabı,https://www.nefisyemektarifleri.com/video/firinda-patlican-kebabi-videosu/,Kırmızı Et,Ana Yemek,350,16.3,24.1,20.5,5.9,95.8,425.96,901.2,159.4,461.5,18.6,3.8,101.23,0,1,0.2754,2.7167,0.2381,6
Fırında Köfte Patates,https://www.nefisyemektarifleri.com/firinda-kofte-patates/,Kırmızı Et,Ana Yemek,443,33.2,25.0,22.8,3.98,95.2,335.2,1212.8,66.8,682.63,36.2,3.15,118.91,0,1,0.2257,8.1373,0.2102,6
Patatesli Sulu Köfte Yemeği,https://www.nefisyemektarifleri.com/patatesli-sulu-kofte-yemegi/,Kırmızı Et,Ana Yemek,168,31.0,4.2,3.0,3.0,0.0,134.2,749.2,32.6,207.2,4.45,0.7,71.7,0,1,0.1,10.0,0.0586,6
Beşamel Soslu Garnitürlü Köfte,https://www.nefisyemektarifleri.com/video/besamel-soslu-garniturlu-kofte-tarifi/,Kırmızı Et,Tek Öğün,256,14.0,15.0,14.9,2.39,63.4,295.2,349.26,169.5,319.23,4.65,1.56,44.23,0,1,0.2344,5.6225,0.3391,3
Hünkar Beğendi,https://www.nefisyemektarifleri.com/hunkar-begendi-yapimi/,Kırmızı Et,Ana Yemek,486,17.3,26.8,34.6,5.5,83.0,722.0,1214.0,316.0,806.67,21.2,3.1,104.34,0,1,0.2206,3.0893,0.2569,6
Hünkar Beğendi,https://www.nefisyemektarifleri.com/video/hunkar-begendi/,Kırmızı Et,Ana Yemek,461,38.0,14.0,24.6,9.9,522.2,74.0,815.0,86.6,25250.0,24.8,9.8,132.23,0,1,0.1215,3.8,0.1059,6
Çıtır Tavuk Kızartması,https://www.nefisyemektarifleri.com/citir-tavuk-kizartmasi-tarifi/,Tavuk,Ana Yemek,457,7.3,34.7,32.03,0.4,62.0,307.9,410.8,253.9,114.5,0.0,1.2,109.9,0,1,0.3037,14.6,0.3157,5
Fırında Soslu Köfte,https://www.nefisyemektarifleri.com/firinda-soslu-kofte/,Kırmızı Et,Ana Yemek,151,4.8,11.2,9.37,0.61,50.6,212.65,235.79,177.55,205.49,3.91,1.27,47.42,0,1,0.2967,6.7606,0.2362,6
Soslu Biftek,https://www.nefisyemektarifleri.com/soslu-biftek-tarifi/,Sebze,Ana Yemek,305,13.4,21.1,18.1,2.6,157.2,429.5,690.2,253.1,810.8,20.3,1.2,47.08,0,1,0.2767,4.963,0.4482,0
Patlıcan Kapama,https://www.nefisyemektarifleri.com/video/cok-begenilen-patlican-kapama-tarifi/,Kırmızı Et,Ana Yemek,282,16.9,12.9,17.4,5.63,36.0,191.5,780.5,113.5,475.7,44.47,2.05,106.26,0,1,0.183,2.9494,0.1214,6
Şehzade Kebabı,https://www.nefisyemektarifleri.com/sehzade-kebabi-tarifi/,Kırmızı Et,Ana Yemek,411,11.5,23.2,29.3,6.06,70.3,334.7,957.07,129.97,462.2,44.1,3.46,146.04,0,1,0.2258,1.8669,0.1589,6
Beşamel Soslu Tavuk,https://www.nefisyemektarifleri.com/besamel-soslu-tavuk/,Tavuk,Ana Yemek,366,19.8,34.3,16.3,1.24,25.94,341.72,397.46,581.28,566.14,18.79,1.1,74.92,0,1,0.3749,14.7761,0.4578,5
Kağıt Kebabı,https://www.nefisyemektarifleri.com/video/kagit-kebabi-nasil-yapilir/,Kırmızı Et,Ana Yemek,247,18.7,12.1,13.1,3.9,30.7,149.8,618.9,99.9,2219.7,22.6,1.7,106.95,0,1,0.196,4.675,0.1131,6
Köfteli Patlıcan Sarması,https://www.nefisyemektarifleri.com/video/kofteli-patlican-sarmasi-tarifi/,Kırmızı Et,Ana Yemek,270,8.2,15.4,19.5,3.09,41.67,183.7,597.3,136.4,678.3,33.3,2.4,80.9,0,1,0.2281,2.5705,0.1904,6
Tavuklu Krep Bohçası,https://www.nefisyemektarifleri.com/tavuklu-krep-bohcasi-tarifi/,Tavuk,Ana Yemek,370,32.5,22.7,16.1,3.6,38.1,310.2,720.4,210.4,749.02,21.05,1.6,85.56,0,1,0.2454,8.7838,0.2653,5
Arap Tava,https://www.nefisyemektarifleri.com/video/kiymali-firin-yemegi-tarifi-arap-tava/,Kırmızı Et,Ana Yemek,427,24.5,19.4,27.3,3.9,50.5,299.5,975.78,208.71,302.05,74.92,2.14,138.83,0,1,0.1817,6.125,0.1397,6
Arnavut Ciğeri,https://www.nefisyemektarifleri.com/video/arnavut-cigeri-tarifi-cok-pratik-videolu/,Kırmızı Et,Ana Yemek,385,39.2,26.1,12.3,2.15,400.8,211.06,616.9,398.5,186.72,7.89,8.2,46.66,0,0,0.2712,17.4222,0.5594,6
Patates Püreli Köfte,https://www.nefisyemektarifleri.com/video/patates-pureli-kofte-tarifi/,Süt Ürünü,Ana Yemek,318,19.3,20.8,16.6,1.9,86.5,411.2,697.9,188.7,344.8,3.3,2.1,37.71,0,1,0.2616,9.65,0.5516,2
Patates Püresinde Tavuk Sote,https://www.nefisyemektarifleri.com/video/patates-puresinde-tavuk-sote/,Tavuk,Tek Öğün,318,25.6,27.3,11.0,2.7,105.4,280.45,904.2,291.68,392.72,21.92,1.06,77.04,0,1,0.3434,9.1429,0.3544,3
Tepsi Kebabı,https://www.nefisyemektarifleri.com/video/tepsi-kebabi/,Kırmızı Et,Ana Yemek,409,34.0,23.5,18.9,4.54,159.2,322.1,1224.3,231.2,689.4,57.06,2.92,98.13,0,1,0.2298,7.3276,0.2395,6
Fırında Çıtır Tavuk Çubukları,https://www.nefisyemektarifleri.com/video/firinda-citir-tavuk-cubuklari-tarifi/,Tavuk,Ana Yemek,417,11.6,56.2,15.2,1.2,38.3,561.9,730.9,589.09,382.9,11.31,1.76,129.56,0,1,0.5391,8.9231,0.4338,5
Et Sote Yemeği,https://www.nefisyemektarifleri.com/et-sote-yemegi/,Kırmızı Et,Ana Yemek,308,3.2,20.4,24.6,1.9,5.2,105.6,266.0,15.2,601.8,44.6,0.44,134.59,0,1,0.2649,1.6,0.1516,6
Kiremitte Soslu Köfte,https://www.nefisyemektarifleri.com/video/kiremitte-soslu-kofte-tarifi/,Kırmızı Et,Ana Yemek,76,15.0,2.3,0.6,1.2,2.34,116.1,304.3,212.8,197.3,4.15,0.17,133.25,0,1,0.1211,11.5385,0.0173,6
Püreli Tepsi Kebabı,https://www.nefisyemektarifleri.com/video/pureli-tepsi-kebabi-tarifi/,Kırmızı Et,Ana Yemek,253,18.9,15.1,12.2,1.48,58.34,299.32,603.68,136.78,245.49,3.61,1.34,56.72,0,1,0.2387,11.962,0.2662,6
Patlıcan Lazanya,https://www.nefisyemektarifleri.com/video/patlican-lazanya-tarifi-hamursuz/,Sebze,Tek Öğün,239,9.05,21.2,12.7,3.5,17.06,282.4,606.3,187.9,344.48,26.6,1.1,67.85,0,1,0.3548,2.5139,0.3125,3
Belen Tava,https://www.nefisyemektarifleri.com/video/belen-tava-tarifi/,Kırmızı Et,Ana Yemek,415,7.6,18.1,34.3,2.21,90.36,264.19,500.5,168.27,905.69,37.09,2.6,124.48,0,1,0.1745,3.29,0.1454,6
Çıtır Tavuk,https://www.nefisyemektarifleri.com/video/citir-tavuk-tarifi/,Tavuk,Ana Yemek,510,4.7,39.2,36.9,0.1,62.0,358.7,326.68,275.45,156.5,0.3,0.8,109.9,0,0,0.3075,23.5,0.3567,5
Rosto Köfte,https://www.nefisyemektarifleri.com/rosto-kofte-8349924/,Kırmızı Et,Ana Yemek,497,47.2,27.1,20.7,4.05,108.42,852.98,1241.6,158.1,377.52,6.01,3.4,130.59,0,0,0.2181,11.3735,0.2075,6
Soslu Biftek,https://www.nefisyemektarifleri.com/video/soslu-biftek-tarifi-videosu/,Sebze,Ana Yemek,135,6.2,7.8,9.6,1.3,21.2,180.02,251.62,99.29,504.04,10.52,1.37,47.08,0,1,0.2311,4.4286,0.1657,0
Patlıcanlı Ekmek Kebabı,https://www.nefisyemektarifleri.com/video/patlicanli-ekmek-kebabi-nasil-yapilir-videolu-tarif/,Tahıl,Ana Yemek,234,14.4,11.7,14.3,4.37,32.87,304.3,416.13,104.9,575.22,24.21,1.8,62.45,0,1,0.2,3.2215,0.1873,2
Köfteli Bezelye Yemeği,https://www.nefisyemektarifleri.com/video/kofteli-bezelye-yemegi-tarifi-videosu/,Kırmızı Et,Ana Yemek,218,22.5,10.07,9.5,4.51,16.57,173.09,572.8,78.8,538.46,31.75,1.83,38.34,0,1,0.1848,4.8807,0.2626,6
Ekşili Köfte,https://www.nefisyemektarifleri.com/eksili-kofte-yapilisi/,Kırmızı Et,Ana Yemek,210,19.5,9.4,10.01,1.85,46.1,169.94,513.3,139.56,825.38,1.61,1.37,47.82,0,1,0.179,10.0,0.1966,6
Fırında Rulo Köfte,https://www.nefisyemektarifleri.com/video/firinda-rulo-kofte-nasil-yapilir/,Kırmızı Et,Ana Yemek,487,27.6,34.6,25.09,2.31,126.71,357.28,948.65,172.52,169.18,4.9,3.58,132.6,0,1,0.2842,11.4523,0.2609,6
Terbiyeli Et Haşlama,https://www.nefisyemektarifleri.com/terbiyeli-et-haslama/,Kırmızı Et,Ana Yemek,487,32.8,24.1,26.9,3.01,117.2,265.86,1082.9,152.36,4070.37,7.2,2.2,109.44,0,1,0.1979,10.5466,0.2202,6
Fırında Sebzeli Tavuk,https://www.nefisyemektarifleri.com/video/firinda-sebzeli-tavuk-tarifi/,Kırmızı Et,Tek Öğün,352,24.1,28.9,15.4,6.8,108.08,309.52,796.52,375.83,856.85,87.65,3.9,122.69,0,1,0.3284,3.4928,0.2356,3
Tavuk Dolması,https://www.nefisyemektarifleri.com/video/tavuk-dolmasi-tarifi-videolu/,Tavuk,Ana Yemek,937,70.9,44.4,49.8,1.86,166.08,252.21,608.61,490.95,2438.15,6.09,3.4,91.08,0,0,0.1895,36.1735,0.4875,5
Fırında Misket Köfteli Türlü,https://www.nefisyemektarifleri.com/firinda-misket-kofteli-turlu/,Kırmızı Et,Ana Yemek,418,32.0,25.4,20.0,6.4,84.62,272.57,1274.89,122.73,551.4,60.26,3.9,128.17,0,1,0.2431,4.9231,0.1982,6
Beyti Kebabı,https://www.nefisyemektarifleri.com/video/beyti-kebabi-yapimi/,Kırmızı Et,Ana Yemek,673,79.0,27.5,26.5,6.0,133.3,780.5,483.23,201.96,403.2,11.86,4.7,90.76,0,0,0.1634,12.9508,0.303,6
Fırında Sebzeli Tavuk Yemeği,https://www.nefisyemektarifleri.com/firinda-sebzeli-tavuk-yemegi/,Tavuk,Ana Yemek,352,24.1,28.9,15.4,6.8,0.08,326.3,706.5,85.4,949.2,87.6,3.9,122.69,0,1,0.3284,3.4928,0.2356,5
İzmir Köftesi,https://www.nefisyemektarifleri.com/gercek-izmir-koftesi/,Kırmızı Et,Ana Yemek,475,39.0,26.0,23.0,4.6,95.0,293.0,1295.0,81.0,1033.0,47.2,3.4,135.93,0,1,0.2189,8.2979,0.1913,6
Patlıcanlı Beyti Kebabı,https://www.nefisyemektarifleri.com/video/patlicanli-beyti-kebabi-nasil-yapilir/,Kırmızı Et,Ana Yemek,335,30.4,13.2,17.5,4.47,114.87,251.42,398.58,26.1,219.12,5.61,1.8,53.35,0,1,0.1576,6.6521,0.2474,6
Güveçte Soslu Köfte,https://www.nefisyemektarifleri.com/guvecte-soslu-kofte/,Kırmızı Et,Ana Yemek,563,14.7,25.8,44.7,2.5,84.55,320.6,741.8,117.8,991.3,15.6,3.6,133.6,0,1,0.1833,5.6538,0.1931,6
Beyti Sarma Yapımı,https://www.nefisyemektarifleri.com/beyti-sarma-yapimi/,Kırmızı Et,Ana Yemek,808,98.8,30.7,30.5,6.6,115.9,847.02,659.1,108.7,331.1,7.7,4.4,87.79,0,0,0.152,14.7463,0.3497,6
Patatesli Tavuk Baget,https://www.nefisyemektarifleri.com/patatesli-tavuk-baget-tarifi/,Tavuk,Ana Yemek,471,58.2,23.11,16.2,4.36,1630.2,216.6,309.88,17.56,189.9,1.95,214.4,47.84,0,0,0.1963,13.0493,0.4831,5
Kaşarlı Tas Kebabı,https://www.nefisyemektarifleri.com/kasarli-tas-kebabi-10313555/,Kırmızı Et,Ana Yemek,400,11.6,22.8,27.7,1.6,95.74,279.5,554.71,179.56,1732.36,13.46,2.45,105.71,0,1,0.228,6.8235,0.2157,6
Ali Nazik,https://www.nefisyemektarifleri.com/ali-nazik-tarifi/,Kırmızı Et,Ana Yemek,424,14.3,21.6,30.6,7.58,54.0,327.67,1142.0,85.0,435.34,39.0,3.13,112.64,0,1,0.2038,1.862,0.1918,6
Arnavut Ciğeri,https://www.nefisyemektarifleri.com/video/arnavut-cigeri-nasil-yapilir/,Kırmızı Et,Ana Yemek,573,35.0,44.0,27.2,2.69,668.0,279.09,1025.46,654.31,196.36,6.9,13.37,46.66,0,1,0.3072,12.5448,0.943,6
Beşamel Soslu Tavuk,https://www.nefisyemektarifleri.com/besamel-soslu-tavuk-yapimi/,Tavuk,Ana Yemek,394,48.8,27.2,9.5,6.59,8.9,964.8,1204.24,443.98,975.3,60.28,2.37,128.52,0,0,0.2761,7.2945,0.2116,5
Etli Lahana Sarması,https://www.nefisyemektarifleri.com/etli-lahana-sarmasi-tarifi-265279/,Kırmızı Et,Ana Yemek,675,99.03,18.8,20.8,11.18,19.3,288.14,1099.04,188.37,291.3,162.3,4.24,57.56,0,0,0.1114,8.7793,0.3266,6
Belen Tava,https://www.nefisyemektarifleri.com/nefis-lezzetiyle-belen-tava/,Kırmızı Et,Ana Yemek,666,16.3,34.0,51.3,5.8,129.34,335.67,2153.0,60.34,1516.0,116.34,4.8,98.75,0,1,0.2042,2.7627,0.3443,6
Tavuk Haşlama,https://www.nefisyemektarifleri.com/tavuk-haslama-3105080/,Tavuk,Ana Yemek,311,20.8,16.1,17.23,2.0,77.44,242.7,782.45,31.23,2401.34,3.77,0.73,114.61,0,1,0.2071,9.9048,0.1405,5
Arnavut Ciğeri,https://www.nefisyemektarifleri.com/arnavut-cigeri-2/,Kırmızı Et,Ana Yemek,513,29.0,47.0,22.3,0.75,779.3,687.21,557.08,721.64,566.76,91131.2,15.05,46.66,0,0,0.3665,34.1176,1.0073,6
Tavada Soslu Tavuk Kızartması,https://www.nefisyemektarifleri.com/tavada-soslu-tavuk-kizartmasi/,Tavuk,Ana Yemek,565,3.0,55.0,38.0,0.53,172.3,237.0,279.8,512.78,262.54,2.15,1.63,81.34,0,1,0.3894,4.7619,0.6762,5
Hatay Usulü Fırında Belen Tava,https://www.nefisyemektarifleri.com/hatay-usulu-firinda-belen-tava/,Kırmızı Et,Ana Yemek,362,19.6,23.54,21.5,4.9,81.42,244.19,845.7,81.19,787.26,64.46,4.4,131.94,0,1,0.2601,3.92,0.1784,6
Tavuk Ciğeri,https://www.nefisyemektarifleri.com/tavuk-cigeri-tarifi/,Tavuk,Ana Yemek,351,10.0,35.0,18.0,0.9,866.6,379.7,374.51,506.23,308.86,17.95,15.79,119.34,0,1,0.3989,10.0,0.2933,5
Patatesli Sulu Köfte Yemeği,https://www.nefisyemektarifleri.com/video/patatesli-sulu-kofte-yemegi-videosu/,Kırmızı Et,Ana Yemek,280,32.6,11.6,10.8,3.13,124.4,157.3,819.64,103.3,255.01,6.48,1.87,71.7,0,1,0.1657,10.0929,0.1618,6
Fırında Tavuk Çöp Şiş,https://www.nefisyemektarifleri.com/video/lokum-gibi-yumusacik-firinda-tavuk-cop-sis/,Tavuk,Ana Yemek,101,3.8,11.6,4.5,1.35,1.28,125.15,309.4,96.58,495.3,31.09,0.56,49.01,0,1,0.4594,2.6207,0.2367,5
Köri Soslu Tavuk,https://www.nefisyemektarifleri.com/kori-soslu-tavuk-3103751/,Tavuk,Ana Yemek,480,8.0,27.0,40.0,1.31,3.4,387.6,568.0,154.6,571.42,4.65,1.5,90.32,0,1,0.225,5.6738,0.2989,5
Beşamel Soslu Patatesli Tavuk,https://www.nefisyemektarifleri.com/besamel-soslu-patatesli-tavuk-3408842/,Tavuk,Tek Öğün,235,13.2,12.5,14.4,1.39,15.01,145.46,442.15,183.1,410.48,15.79,0.41,34.06,0,1,0.2128,8.8591,0.367,3
Fırında Patates Püreli Tavuk Sote,https://www.nefisyemektarifleri.com/firinda-patates-pureli-tavuk-sote/,Tavuk,Ana Yemek,342,23.1,23.5,16.07,2.2,39.05,415.43,893.1,311.9,651.8,11.7,1.03,37.53,0,1,0.2749,10.0435,0.6262,5
Fırında Soslu Balık,https://www.nefisyemektarifleri.com/video/surekli-istek-alan-firinda-soslu-balik-tarifim-videolu/,Balık,Ana Yemek,396,8.1,57.1,13.1,3.8,123.0,413.9,543.4,788.76,491.86,124.48,1.7,53.81,0,1,0.5768,2.0769,1.0611,5
Fırında Patatesli Ve Soslu Somon Balığı,https://www.nefisyemektarifleri.com/firinda-patatesli-ve-ozel-soslu-somon-baligi-tarifi/,Balık,Tek Öğün,765,46.1,40.5,45.8,3.72,359.4,396.6,1868.9,215.8,1087.7,40.95,1.65,75.83,0,0,0.2118,12.0681,0.5341,3
Fırında Kıymalı Patlıcan Musakka,https://www.nefisyemektarifleri.com/firinda-kiymali-patlican-musakka/,Kırmızı Et,Ana Yemek,323,10.1,21.8,21.4,5.87,58.4,194.67,835.61,50.33,604.5,20.44,3.08,103.41,0,1,0.27,1.6918,0.2108,6
Tepsi Kebabı,https://www.nefisyemektarifleri.com/tepsi-kebabi-3171038/,Kırmızı Et,Ana Yemek,372,36.0,24.0,14.0,4.8,58.0,231.4,1478.0,53.6,1103.0,73.4,2.58,109.22,0,1,0.2581,7.3469,0.2197,6
Tas Kebabı,https://www.nefisyemektarifleri.com/tas-kebabi-lokanta-usulu-3642286/,Kırmızı Et,Ana Yemek,352,19.0,16.0,23.2,16.1,47.8,619.0,824.3,30.5,437.0,21.0,1.7,103.7,0,1,0.1818,1.1728,0.1543,6
Kağıt Kebabı,https://www.nefisyemektarifleri.com/kagit-kebabi/,Kırmızı Et,Ana Yemek,490,26.3,27.4,29.2,5.41,82.0,340.75,1026.32,141.39,2959.95,31.43,3.52,106.95,0,1,0.2237,4.7731,0.2562,6
Beyti Kebap,https://www.nefisyemektarifleri.com/ev-usulu-beyti-kebap-nefis/,Kırmızı Et,Ana Yemek,431,38.2,20.5,21.1,3.17,57.08,356.82,683.64,63.62,462.29,7.49,2.75,66.83,0,1,0.1903,11.682,0.3067,6
Humus,https://www.nefisyemektarifleri.com/video/humus-tarifi/,Bakliyat,Salata,218,17.3,8.7,10.6,6.23,0.0,84.37,290.04,149.9,209.21,5.8,2.6,32.39,1,1,0.1596,2.733,0.2686,1
Tavuklu Arpa Şehriye Salatası,https://www.nefisyemektarifleri.com/tavuklu-arpa-sehriye-salatasi-4103998/,Tavuk,Salata,355,44.6,16.0,12.2,3.5,0.0,150.2,410.2,39.0,217.0,49.6,1.7,49.84,0,1,0.1803,12.3889,0.321,1
Patates Salatası,https://www.nefisyemektarifleri.com/video/muhtesem-patates-salatasi-videosu/,Süt Ürünü,Salata,181,26.7,4.1,6.1,2.5,8.28,126.38,664.59,223.64,2466.47,8.36,0.63,44.99,0,1,0.0906,10.2692,0.0911,1
Gavurdağı Salatası,https://www.nefisyemektarifleri.com/gavurdagi-salatasi-tarifi/,Sebze,Salata,175,11.0,2.0,14.0,2.8,0.0,219.6,459.34,126.67,661.0,337.34,2.67,31.55,0,1,0.0457,3.7931,0.0634,1
Kereviz Salatası,https://www.nefisyemektarifleri.com/kereviz-salatasi-tarifi/,Sebze,Salata,167,14.3,4.9,10.4,14.9,9.36,133.82,267.36,168.64,152.5,10.01,1.02,33.19,0,1,0.1174,0.9533,0.1476,1
Yoğurtlu Arpa Şehriye Salatası,https://www.nefisyemektarifleri.com/yedikce-yediren-yogurtlu-arpa-sehriye-salatasi/,Sebze,Salata,244,27.5,14.6,8.5,1.5,4.6,254.6,367.1,59.7,194.7,45.3,0.5,49.81,0,0,0.2393,17.1875,0.2931,1
Patates Salatası,https://www.nefisyemektarifleri.com/video/patates-salatasi-tarifi/,Sebze,Salata,221,30.7,4.2,8.7,3.2,0.0,320.06,966.49,52.38,262.4,12.34,1.09,45.05,0,1,0.076,9.303,0.0932,1
Közlenmiş Patlıcan Salatası,https://www.nefisyemektarifleri.com/video/kozlenmis-patlican-salatasi-tarifi/,Sebze,Salata,182,10.8,3.3,14.6,7.19,0.06,123.85,597.04,130.58,519.6,86.83,1.27,40.9,0,1,0.0725,1.4815,0.0807,1
Tavuklu Göbek Marul Salatası,https://www.nefisyemektarifleri.com/video/tavuklu-gobek-marul-salatasi/,Tavuk,Salata,242,23.5,22.6,6.9,0.4,15.46,364.2,412.28,196.16,154.0,1.5,0.43,57.57,0,0,0.3736,47.0,0.3926,1
Yoğurtlu Erişte Salatası,https://www.nefisyemektarifleri.com/video/yogurtlu-eriste-salatasi-videosu/,Süt Ürünü,Salata,139,17.9,4.3,5.7,1.19,4.68,339.75,124.45,107.12,1596.07,4.12,0.72,40.06,0,1,0.1237,13.876,0.1073,1
Kuskus Salatası,https://www.nefisyemektarifleri.com/kuskus-salatasi-nasil-yapilir/,Sebze,Salata,318,44.89,6.69,12.29,1.57,0.0,6.78,145.78,29.02,112.54,31.36,0.84,138.78,0,0,0.0842,26.8802,0.0482,1
Garnitürlü Kuskus Salatası,https://www.nefisyemektarifleri.com/garniturlu-kuskus-salatasi/,Sebze,Salata,387,65.0,12.8,7.4,2.81,8.7,255.2,198.39,175.42,169.75,1.99,0.76,93.51,1,0,0.1323,22.3368,0.1369,1
Patates Rulo,https://www.nefisyemektarifleri.com/patates-rulo-tarifi/,Sebze,Salata,188,34.4,5.6,2.2,2.14,3.31,140.42,688.4,178.81,37.0,0.13,0.02,77.72,0,0,0.1191,15.3571,0.0721,1
Ezme Patates Salatası,https://www.nefisyemektarifleri.com/ezme-patates-salatasi-2956954/,Sebze,Salata,120,14.8,2.4,5.3,1.32,1.13,107.54,339.3,111.79,656.18,2.72,0.31,142.67,0,1,0.08,10.4225,0.0168,1
Gavurdağı Salata,https://www.nefisyemektarifleri.com/video/gavurdagi-salata-nasil-yapilir/,Sebze,Salata,219,14.6,3.7,17.2,3.04,0.0,287.75,371.98,131.45,661.5,43.2,1.27,94.65,0,1,0.0676,4.6497,0.0391,1
Havuç Taratoru,https://www.nefisyemektarifleri.com/havuc-taratoru-mutlaka-boyle-deneyin-videolu/,Sebze,Salata,456,12.0,8.1,42.78,2.58,138.91,239.25,442.48,147.92,4763.45,7.71,1.43,72.45,1,1,0.0711,4.4776,0.1118,1
Yeşil Mercimekli Nohutlu Salata,https://www.nefisyemektarifleri.com/yesil-mercimekli-nohutlu-salata-9307366/,Bakliyat,Salata,482,48.3,18.1,23.4,14.67,10.22,449.64,730.74,175.16,355.58,8.77,5.36,56.34,0,0,0.1502,3.2701,0.3213,1
Kaşık Salatası,https://www.nefisyemektarifleri.com/kasik-salatasi-veya-gavurdagi-salatasi/,Sebze,Salata,257,18.9,3.2,19.6,2.5,0.0,238.1,390.9,39.17,613.8,40.64,1.0,50.86,0,1,0.0498,7.2692,0.0629,1
Rus Salatası,https://www.nefisyemektarifleri.com/rus-salatasi-tam-kivaminda/,Süt Ürünü,Salata,173,35.0,6.6,0.7,6.0,0.0,51.4,790.8,39.0,4481.2,2.32,1.09,78.56,0,1,0.1526,5.7377,0.084,1
Yoğurtlu Kereviz Salatası,https://www.nefisyemektarifleri.com/yogurtlu-kereviz-salatasi-2606641/,Süt Ürünü,Salata,284,10.0,5.6,25.0,8.2,6.9,135.6,320.6,119.0,129.8,7.1,1.1,41.76,0,1,0.0789,1.2048,0.1341,1
Közlenmiş Patlıcan Salatası,https://www.nefisyemektarifleri.com/kozlenmis-patlican-salatasi-tarifi/,Sebze,Salata,181,10.6,3.2,14.6,7.17,0.0,139.98,329.44,378.38,531.19,80.31,1.26,40.9,0,1,0.0707,1.458,0.0782,1
Antakya Usulü Kısır,https://www.nefisyemektarifleri.com/antakya-usulu-muhtesem-kisir/,Bakliyat,Salata,684,56.52,7.9,47.7,8.15,0.31,237.57,430.2,135.29,450.52,20.62,4.9,33.79,0,0,0.0462,6.8509,0.2338,1
Ton Balıklı Salata,https://www.nefisyemektarifleri.com/ton-balikli-salata/,Balık,Salata,366,18.0,21.0,22.0,2.42,0.0,363.08,782.04,61.32,660.48,47.76,1.48,82.98,0,0,0.2295,7.1429,0.2531,1
Kuru Domates Salatası,https://www.nefisyemektarifleri.com/kuru-domates-salatasi-asiri-lezzet-icerir-videolu/,Sebze,Salata,349,7.0,4.0,34.0,1.15,0.1,106.41,212.65,27.66,219.11,5.15,0.86,72.27,0,1,0.0458,5.6,0.0553,1
Zeytinyağlı Brokoli Salatası,https://www.nefisyemektarifleri.com/zeytinyagli-brokoli-salatasi-3872807/,Sebze,Salata,257,16.4,6.7,19.4,6.5,0.09,216.4,938.9,240.3,395.5,210.0,2.8,30.84,0,1,0.1043,2.4848,0.2173,1
Yoğurtlu Pancar Salatası,https://www.nefisyemektarifleri.com/yogurtlu-pancar-salatasi-4404928/,Süt Ürünü,Salata,252,17.0,4.1,19.1,1.12,4.6,216.14,300.83,109.2,199.3,7.1,0.6,32.37,0,1,0.0651,13.9344,0.1267,1
Hatay Usulü Kısır,https://www.nefisyemektarifleri.com/hatay-usulu-kisir-tarifi/,Bakliyat,Salata,713,111.0,16.0,24.0,15.45,0.0,167.68,699.68,181.12,282.28,16.82,8.02,32.64,0,0,0.0898,7.1383,0.4902,1
Yoğurtlu Patates Salatası,https://www.nefisyemektarifleri.com/tart-kalibinda-yogurtlu-patates-salatasi-4083152/,Sebze,Salata,199,22.6,3.5,10.3,2.0,7.22,141.22,495.6,182.91,2085.4,5.5,0.38,38.16,0,1,0.0704,10.7619,0.0917,1
Yoğurtlu Nohut Salatası,https://www.nefisyemektarifleri.com/yogurtlu-nohut-salatasi-gun-misafir/,Bakliyat,Salata,257,20.1,6.8,17.1,5.3,4.7,402.8,399.34,87.17,324.7,40.01,2.05,45.12,0,1,0.1058,3.7222,0.1507,1
Tavuklu Arpa Şehriye Salatası,https://www.nefisyemektarifleri.com/tabak-tabak-yedirten-tavuklu-arpa-sehriye-salatasi/,Tavuk,Salata,294,32.4,15.2,11.4,2.35,4.68,220.4,374.29,80.82,243.78,34.62,1.45,48.13,0,1,0.2068,13.2245,0.3158,1
Mamzana,https://www.nefisyemektarifleri.com/mamzana-tarifi-9681651/,Süt Ürünü,Salata,65,6.03,2.5,3.3,4.7,7.6,182.3,366.23,43.41,380.6,98.15,0.9,56.18,0,1,0.1538,1.2563,0.0445,1
Soslu Patates Salatası,https://www.nefisyemektarifleri.com/yemege-doyamayacaginiz-soslu-patates-salatasi/,Sebze,Salata,388,38.8,7.2,23.4,4.0,9.2,176.6,889.6,310.6,1715.2,23.0,0.83,40.35,0,1,0.0742,9.4634,0.1784,1
Patates Salatası,https://www.nefisyemektarifleri.com/patates-salatasi-tarifi-3/,Sebze,Salata,245,27.6,3.4,10.8,2.45,0.0,115.8,844.4,33.2,194.8,6.6,0.44,45.05,0,1,0.0555,10.8235,0.0755,1
Yoğurtlu Erişte Salatası,https://www.nefisyemektarifleri.com/yogurtlu-eriste-salatasi-10681924/,Süt Ürünü,Salata,373,44.2,9.5,17.3,1.7,9.36,216.5,243.8,103.61,320.58,14.6,0.91,40.06,0,0,0.1019,24.5556,0.2371,1
Sarımsaklı Brokoli Salatası,https://www.nefisyemektarifleri.com/sarimsakli-brokoli-salatasi/,Sebze,Salata,148,8.6,3.7,11.0,4.09,145.0,104.0,1865.2,1455.79,2809.0,7.0,26.18,32.38,0,1,0.1,2.0525,0.1143,1
Patates Salatası,https://www.nefisyemektarifleri.com/patates-salatasi/,Sebze,Salata,455,61.5,8.1,18.4,6.19,0.0,302.8,1601.13,392.86,431.2,20.56,2.14,45.05,0,0,0.0712,9.7774,0.1798,1
Tavuklu Sezar Salata,https://www.nefisyemektarifleri.com/tavuklu-sezar-salata-6958742/,Tavuk,Salata,332,17.0,21.0,20.1,1.5,0.0,258.6,526.6,30.6,360.2,12.3,5.16,95.98,0,0,0.253,10.625,0.2188,1
Yoğurtlu Kırmızı Biber Mezesi,https://www.nefisyemektarifleri.com/yogurtlu-kirmizi-biber-mezesi/,Süt Ürünü,Salata,204,11.2,3.7,16.5,4.26,7.6,202.56,481.31,131.36,437.25,141.3,0.82,62.32,0,1,0.0725,2.5688,0.0594,1
Pratik Ezme,https://www.nefisyemektarifleri.com/pratik-ezme-tarifi/,Sebze,Salata,112,8.4,2.0,8.2,2.5,0.0,131.85,389.42,61.4,785.0,170.14,3.04,30.97,0,1,0.0714,3.2308,0.0646,1
Yoğurtlu Kırmızı Biber Mezesi,https://www.nefisyemektarifleri.com/video/yogurtlu-kirmizi-biber-mezesi-nasil-yapilir/,Sebze,Salata,127,7.2,2.6,10.2,2.56,5.8,125.8,302.6,89.76,271.2,98.7,0.4,62.32,0,1,0.0819,2.7068,0.0417,1
Kebapçı Acılı Ezme,https://www.nefisyemektarifleri.com/orjinal-kebapci-acili-ezme/,Sebze,Salata,79,8.7,1.8,4.0,2.71,0.08,159.19,312.83,177.36,666.15,66.86,0.79,38.38,0,1,0.0911,3.0961,0.0469,1
Cevizli Tarator,https://www.nefisyemektarifleri.com/video/yedikce-yedirten-cevizli-tarator-tarifi-videolu/,Sebze,Salata,390,14.4,6.4,34.4,2.8,0.0,234.55,408.63,56.31,260.81,10.02,2.03,44.3,0,1,0.0656,4.9655,0.1445,1
Lokanta Usulü Acılı Ezme Salata,https://www.nefisyemektarifleri.com/video/acili-ezme-tarifi/,Sebze,Salata,204,16.2,3.06,14.5,3.9,0.0,299.57,474.16,106.92,922.1,82.6,1.83,44.9,0,1,0.06,4.05,0.0682,1
Muhammara,https://www.nefisyemektarifleri.com/muhammara-tarifi/,Sebze,Salata,362,14.5,5.3,31.7,2.68,0.0,210.37,409.59,263.96,234.14,15.16,1.58,50.85,1,1,0.0586,5.2158,0.1042,1
Humus,https://www.nefisyemektarifleri.com/humus-enfes-lezzet/,Bakliyat,Salata,297,19.0,8.0,22.0,4.8,0.0,120.0,322.2,112.8,212.2,5.95,2.06,32.39,0,1,0.1077,3.8776,0.247,1
Acılı Ezme,https://www.nefisyemektarifleri.com/acili-ezme-9307361/,Sebze,Salata,330,17.3,3.6,29.3,3.9,0.0,307.67,704.34,53.0,1199.34,72.67,2.23,38.93,0,1,0.0436,4.325,0.0925,1
Mantar Dolması,https://www.nefisyemektarifleri.com/mantar-dolmasi-479758/,Sebze,Salata,197,9.2,11.3,13.02,1.66,38.35,264.38,391.32,279.04,517.85,7.82,1.07,69.14,0,1,0.2294,5.2273,0.1634,1
Kurutulmuş Domates Mezesi,https://www.nefisyemektarifleri.com/kurutulmus-domates-mezesi/,Sebze,Salata,156,6.9,1.8,14.3,0.5,0.0,101.8,109.3,6.77,194.9,1.07,0.3,42.15,0,1,0.0462,11.5,0.0427,1
Közlenmiş Kırmızı Biber Mezesi,https://www.nefisyemektarifleri.com/kozlenmis-kirmizi-kapya-biber-mezesi/,Sebze,Salata,122,7.4,1.4,9.8,3.72,0.0,203.65,380.22,77.85,330.57,129.14,1.09,74.62,0,1,0.0459,1.9372,0.0188,1
Humus,https://www.nefisyemektarifleri.com/humus-7961518/,Bakliyat,Salata,321,19.03,7.06,25.0,4.8,0.0,174.7,254.93,114.9,215.06,5.9,2.2,32.39,1,1,0.088,3.8837,0.218,1
Mutebbel,https://www.nefisyemektarifleri.com/mutebbel-5136925/,Süt Ürünü,Salata,495,20.0,12.0,41.0,6.53,17.2,287.8,677.65,453.14,161.19,28.5,2.01,57.64,0,1,0.097,3.0166,0.2082,1
Sarımsak Soslu Mantar,https://www.nefisyemektarifleri.com/sarimsak-soslu-mantar-12008405/,Sebze,Salata,149,9.0,5.0,11.0,1.96,11.15,424.2,473.47,73.48,296.69,14.8,1.37,104.0,0,1,0.1342,4.3689,0.0481,1
Muhammara,https://www.nefisyemektarifleri.com/muhammara-12036041/,Sebze,Salata,335,17.5,4.1,27.8,2.97,0.0,282.4,318.19,46.8,259.4,60.4,1.8,50.85,0,1,0.049,5.7003,0.0806,1
